#"Time (ps)","Potential Energy (kJ/mole)","Kinetic Energy (kJ/mole)","Temperature (K)","Speed (ns/day)"
4.99999999999999,-7979.640581117237,1115.541229889918,349.3978407971862,0
10.000000000000007,-7908.553617298167,1033.4505471638754,323.6862789781071,66.6
15.000000000000078,-8006.539826960307,1125.0615839399075,352.3797038243549,66.5
20.00000000000015,-7864.179141293673,975.1451656202507,305.42449369186636,66.4
25.00000000000022,-7918.2117880524665,1007.9378243324699,315.6954579924678,66.4
30.00000000000029,-7890.8081590836155,955.9836294761984,299.42292317550834,66.3
35.00000000000015,-7982.9610766189735,1035.7468133276138,324.40549079924705,66.2
39.999999999999865,-7938.387615342195,982.1418716124625,307.6159267835978,66.2
44.99999999999958,-7989.9675184530015,1036.0124383500183,324.48868701540033,66.2
49.9999999999993,-7962.482977027338,997.9631389245114,312.5712941778182,66.2
54.99999999999901,-7945.729376437525,1013.229927431135,317.35299367685684,66.2
59.99999999999873,-7950.268975154401,1007.5019196305774,315.5589286042626,66.2
64.99999999999845,-7960.828649510538,1041.601818861953,326.239332737797,66.2
69.99999999999817,-7950.753037183535,1032.9265131483958,323.5221466729919,66.2
74.99999999999788,-7980.330608167156,1024.9157532352663,321.01310250519515,66.2
79.9999999999976,-8066.936124317658,1113.25423690388,348.6815334211523,66.2
84.99999999999731,-7991.420249678966,1015.3748127664217,318.0247916210535,66.2
89.99999999999703,-7965.048201745252,1005.3613519646788,314.8884829940909,66.2
94.99999999999675,-7928.87900874641,959.3158490671597,300.46660520083236,66.1
99.99999999999646,-7867.505834354114,888.3653755931666,278.24426005470315,66.1
104.99999999999618,-7903.711118882616,956.0457838166922,299.4423904903711,66.1
109.9999999999959,-7921.656008542398,951.5144320705325,298.0231291725649,66.1
114.99999999999561,-7957.468178566404,991.2889694969006,310.4808825241387,66.1
119.99999999999532,-7896.306521419649,931.881643521315,291.87395804009026,66.1
124.99999999999504,-7999.787109707237,1034.5092848712152,324.0178854297589,66.1
129.9999999999953,-7921.110083136756,985.1191015081722,308.5484227499015,66.1
134.99999999999645,-7938.59677079486,990.8573966357014,310.34570990854246,66.1
139.99999999999758,-7941.57995593852,999.6283223525297,313.0928450436147,66.1
144.99999999999872,-7970.732068708284,1011.5344293680114,316.8219479866947,66.1
149.99999999999986,-7944.451802190519,931.8556037258667,291.8658021350814,66.1
155.000000000001,-7957.836737832282,977.0192057596373,306.011460413243,66.1
160.00000000000213,-7808.445710158943,830.6040979172797,260.15289313711,66.1
165.00000000000327,-7899.928386033085,946.5850366896415,296.47919690330315,66.1
170.0000000000044,-7923.4858702959755,949.9301969198846,297.5269320566537,66.1
175.00000000000554,-7969.265023030763,1024.0371286094223,320.73790913814105,66.1
180.00000000000668,-7968.783274559546,1017.6915249862824,318.750407336259,66.1
185.00000000000782,-7927.952525619561,985.0675773174875,308.53228489637195,66.1
190.00000000000895,-7904.041836989645,997.9438096975837,312.5652400849959,66.1
195.0000000000101,-7831.399629103297,908.1878271360973,284.4528353926943,66.1
200.00000000001123,-7918.528778995598,1008.7495742952404,315.94970559592684,66.1
205.00000000001236,-7796.265598241245,885.7221507721954,277.4163775700011,66.1
210.0000000000135,-7916.569843530989,983.2101274939705,307.95051441551755,66.1
215.00000000001464,-7915.339013354233,966.0074801368903,302.5624860024823,66.1
220.00000000001577,-7981.890947866132,1028.383128316101,322.09911648120675,66.1
225.0000000000169,-7964.726936922685,1147.6398051439032,359.45141173289704,66.1
230.00000000001805,-7955.727135367953,1329.6515889121256,416.4591874603229,66.1
235.00000000001918,-7948.976012305513,1534.872401340892,480.73624583164917,66.1
240.00000000002032,-7886.440377277558,1788.8064274568594,560.2707337130254,66.1
245.00000000002146,-7919.621913560312,2164.1542317456374,677.8331409576285,66.1
250.0000000000226,-7995.90236709307,2538.742335650353,795.1576030086949,66.1
255.00000000002373,-7886.18854108702,2629.3250969690557,823.5289624620113,66.1
260.00000000002484,-7878.160674634763,2637.0376393448764,825.9446021362478,66.1
265.000000000026,-7846.299558150138,2548.275887607617,798.1435997426071,66.1
270.0000000000271,-7840.196034327909,2451.6445091823052,767.8777574138646,66.1
275.00000000002825,-7903.1515903055015,2514.4798135957067,787.5583564806001,66.1
280.0000000000294,-7949.9944744674,2541.8152947777494,796.1200822566168,66.1
285.0000000000305,-7862.8941283566255,2408.1928828012615,754.2683057594772,66.1
290.00000000003166,-7895.245681800699,2414.2949383163505,756.179526039168,66.1
295.0000000000328,-7936.763684396252,2262.24144369269,708.5549638233759,66.1
300.00000000003394,-7937.048561647221,1923.153654263168,602.3495289251451,66.1
305.0000000000351,-7969.671198418002,1685.4719100061643,527.9054061843827,66.1
310.0000000000362,-7909.111523900495,1485.8460784204663,465.38074761101166,66.1
315.00000000003735,-8027.774335324905,1587.5948904479687,497.24941752077046,66.1
320.0000000000385,-7908.124702764904,1421.0803754936805,445.0955298584021,66.1
325.0000000000396,-7891.37959488719,1357.009770195114,425.02802311811155,66.1
330.00000000004076,-7853.286905662369,1267.7052580894804,397.05702315226205,66.1
335.0000000000419,-7910.834628328163,1267.0338978442321,396.8467469080483,66.1
340.00000000004303,-7788.803389193461,1324.0755679227682,414.7127260640789,66.1
345.00000000004417,-7768.776680810975,1718.3823619999537,538.2132644312933,66.1
350.0000000000453,-7827.433426242033,2416.8924412373626,756.9930880015129,66.1
355.00000000004644,-7842.760294796431,2792.761373189243,874.7187172547598,66.1
360.0000000000476,-7851.292288616498,3271.502988434904,1024.6650233030782,66.1
365.0000000000487,-7821.755371524435,3677.4647828430816,1151.816015675064,66.1
370.00000000004985,-7848.115229492426,5048.282056577942,1581.1686767306392,66.1
375.000000000051,-7866.550271334625,6118.699585634978,1916.4333566751843,66.1
380.0000000000521,-7794.627188963712,6513.387043341691,2040.0531224153217,66.1
385.00000000005326,-7892.815827999925,6448.725291205663,2019.800463012746,66.1
390.0000000000544,-7902.8480807317355,5941.0149187818715,1860.7808740256912,66.1
395.00000000005554,-7892.312839279754,5511.266344605451,1726.1796420140981,66.1
400.0000000000567,-7922.0904139543645,5038.661745201518,1578.1555061434337,66.1
405.0000000000578,-7875.695874677397,4880.694007833392,1528.6785483464666,66.1
410.00000000005895,-7871.781754919094,4737.3327677476145,1483.7764807241695,66.1
415.0000000000601,-7767.463831124847,5056.925121160718,1583.8757645747976,66.1
420.0000000000612,-7741.849179387159,6429.460818788306,2013.7666519026127,66.1
425.00000000006236,-7594.2734775181325,7542.669229344714,2362.43383208748,66.1
430.0000000000635,-7417.398420778849,8387.482081252325,2627.0370385179226,66.1
435.00000000006463,-7028.885397687289,9841.124724198546,3082.33137200145,66.1
440.00000000006577,-6358.676823400727,11146.714413835325,3491.2541498455053,66.1
445.0000000000669,-5823.3748929423355,11859.478614495143,3714.498496208793,66.1
450.00000000006804,-5186.234986546827,11636.1277029534,3644.542922948207,66.1
455.0000000000692,-3851.7942298130165,9980.570948665087,3126.0072204868866,66.1
460.0000000000703,-2903.9446229877813,8325.996490130094,2607.779182149525,66.1
465.00000000007145,-2792.9298211099335,7555.274766331834,2366.3820029729463,66.1
470.0000000000726,-2769.645387467327,6866.730218675367,2150.7234761540094,66.1
475.0000000000737,-2969.750140724321,6352.651374162013,1989.7092227496746,66.1
480.00000000007486,-3081.2028390513633,5934.168358149976,1858.636467850845,66.1
485.000000000076,-3067.847536022135,5353.674468517281,1676.8204074497085,66.1
490.00000000007714,-3319.6651825619615,5079.198526692836,1590.8520013929474,66.1
495.0000000000783,-3359.5099690986153,4649.443402557765,1456.2487178736658,66.1
500.0000000000794,-3455.3873090475972,4322.942468536476,1353.9856026174416,66.1
505.00000000008055,-3387.8324033315907,3854.1097233208616,1207.1428463980972,66.1
510.0000000000817,-3541.858613594252,3658.1883466035692,1145.7784573850713,66.1
515.0000000000794,-3425.631905127032,3195.4507226240826,1000.8447495650498,66.2
520.0000000000748,-3439.232108923031,2909.047480472001,911.1406026236358,66.2
525.0000000000703,-3482.5184349879646,2742.5931950776408,859.0055794170376,66.2
530.0000000000657,-3449.3985927592244,2515.6246497647735,787.9169297675578,66.2
535.0000000000612,-3443.7491255208042,2315.139656376083,725.123173763435,66.2
540.0000000000566,-3504.6779020674885,2222.2955387461225,696.0435365779682,66.2
545.0000000000521,-3519.72473817738,2048.5085159915297,641.6118321442216,66.2
550.0000000000475,-3644.4574411812814,2012.734566011544,630.4070998179884,66.2
555.000000000043,-3581.6806301877277,1880.0402387154832,588.8460080348958,66.2
560.0000000000384,-3665.820357682179,1872.3950005222666,586.4514486537481,66.2
565.0000000000339,-3686.892639570777,1786.592134549978,559.5771966748352,66.2
570.0000000000293,-3621.5782249820236,1714.0549399725328,536.8578757893619,66.2
575.0000000000248,-3647.063101381179,1627.7592002998408,509.8292512044955,66.2
580.0000000000202,-3662.3481647779618,1530.230415014207,479.28233273897587,66.2
585.0000000000157,-3666.8873536142128,1389.361022946361,435.1607349852338,66.2
590.0000000000111,-3734.1116124890796,1331.817290045998,417.13750510534777,66.2
595.0000000000066,-3716.459841237214,1290.5088911436321,404.1993321391188,66.2
600.000000000002,-3742.2714913431337,1227.3998621075439,384.4329999864362,66.2
604.9999999999975,-3799.5298046825487,1253.07905383127,392.47596057030654,66.2
609.999999999993,-3755.69320838334,1202.8586127096273,376.7464534739927,66.2
614.9999999999884,-3782.849486421523,1201.5612187599002,376.3400976777639,66.2
619.9999999999839,-3702.776691354653,1150.1368023642276,360.2334943793125,66.2
624.9999999999793,-3729.803815624575,1164.5175314172182,364.73767185440244,66.2
629.9999999999748,-3762.2939243867622,1250.9225449387786,391.80052202038337,66.2
634.9999999999702,-3804.7917368520534,1320.2588436143292,413.51729267573313,66.2
639.9999999999657,-3824.726995387907,1307.227375545375,409.4357162321988,66.2
644.9999999999611,-3874.6086780527576,1297.3920799931138,406.3552106108141,66.2
649.9999999999566,-3813.6198821716844,1169.7788141118733,366.3855543029225,66.2
654.999999999952,-3732.6810599547334,995.4526966784392,311.7850004248654,66.2
659.9999999999475,-3780.9603759695187,1040.9528957188684,326.03608400170185,66.2
664.9999999999429,-3829.2591160257816,1079.984009225249,338.26099009897365,66.2
669.9999999999384,-3855.696507303885,1129.4929155796688,353.7676379188586,66.2
674.9999999999338,-3777.4400404378334,1026.0854225101675,321.3794537508032,66.2
679.9999999999293,-3819.5101055959803,1070.840652699647,335.3972061866574,66.2
684.9999999999247,-3867.913437495273,1071.052952047232,335.4637003077722,66.2
689.9999999999202,-3914.6974906575983,1075.6223064916,336.89486442248335,66.2
694.9999999999156,-3967.3300224138943,1106.0720484451724,346.43200550373194,66.2
699.9999999999111,-3949.7088853544933,1094.5303929538527,342.81705215208393,66.2
704.9999999999065,-3927.1907503077664,1158.8438044654204,362.9606080461678,66.2
709.999999999902,-3980.3263972460427,1323.1228772910358,414.4143345382831,66.2
714.9999999998975,-4041.904273436272,1392.4533084118527,436.12926742116895,66.2
719.9999999998929,-4008.1961797786803,1360.2900795802918,426.05544638640345,66.2
724.9999999998884,-3959.085086429377,1571.6065432114574,492.2417191473952,66.2
729.9999999998838,-4049.8963362231584,1923.2874049705226,602.3914208849425,66.2
734.9999999998793,-4065.264685620059,1866.588862885152,584.6329125930242,66.2
739.9999999998747,-4040.336442385569,1440.86425595578,451.29202437678873,66.2
744.9999999998702,-4019.0465428733028,1130.295233968386,354.0189314660073,66.2
749.9999999998656,-4050.2112269143763,1067.2935431255305,334.2862186291741,66.2
754.9999999998611,-4021.3342762854727,1088.0279990178556,340.7804421726622,66.2
759.9999999998565,-4031.6351398344623,1180.207794601316,369.6520075429223,66.2
764.999999999852,-4045.9111685156245,1247.7236292567743,390.79859201346204,66.2
769.9999999998474,-4100.265568115119,1374.27125554818,430.43448013620736,66.2
774.9999999998429,-4012.8464209575104,1153.525240405512,361.2947845437439,66.2
779.9999999998383,-4037.6148903135413,1075.301089443638,336.7942562692587,66.2
784.9999999998338,-4115.28619639506,1061.994548894472,332.62652457832195,66.2
789.9999999998292,-4109.217124751854,1100.0870880221626,344.5574604909379,66.2
794.9999999998247,-4150.177335347464,1531.2471692003182,479.60078956309866,66.2
799.9999999998201,-4090.380640165471,2317.6150432673903,725.8984878547355,66.2
804.9999999998156,-4084.5035477977653,3403.658437924006,1066.0573335681415,66.2
809.999999999811,-4141.1297431660905,4147.215625620059,1298.9463285503045,66.2
814.9999999998065,-4120.317321555213,4295.058098240992,1345.2519596895215,66.2
819.999999999802,-4141.614252111492,6045.286269574533,1893.4396264301697,66.2
824.9999999997974,-4126.013229477273,8119.161550463939,2542.9965641839817,66.2
829.9999999997929,-4175.545607725429,10055.767532681748,3149.5594867651466,66.2
834.9999999997883,-4152.952505449033,11461.01424967003,3589.6957681928548,66.2
839.9999999997838,-4186.787906890899,11832.272592481177,3705.9773182427407,66.2
844.9999999997792,-4185.5132267056415,12342.270594194131,3865.713413901859,66.2
849.9999999997747,-4214.402522961238,12882.40048533139,4034.8870962874043,66.2
854.9999999997701,-4172.947584389257,11995.752861595558,3757.180852017234,66.2
859.9999999997656,-4225.069606124438,10441.027123111116,3270.2263571915437,66.2
864.999999999761,-4142.512749964628,9662.168056607687,3026.2804869448073,66.2
869.9999999997565,-4067.573270722146,9096.008316121777,2848.9540147609036,66.2
874.9999999997519,-4146.678261426339,10028.37841339801,3140.980961039102,66.2
879.9999999997474,-4074.1985277151593,10410.017111813706,3260.5137345648736,66.2
884.9999999997428,-4084.939576966411,12013.779435586826,3762.826941879947,66.2
889.9999999997383,-4009.5299016814547,12035.25036407225,3769.5518354578007,66.2
894.9999999997337,-3968.797844440317,12737.070810751735,3989.368496758008,66.2
899.9999999997292,-3864.8765455670123,11717.816408635084,3670.1285818355204,66.2
904.9999999997247,-3933.0483026366205,9033.388830412765,2829.341012110416,66.2
909.9999999997201,-3974.315134941476,7431.398844266109,2327.5829173481184,66.2
914.9999999997156,-3964.286657058752,6731.227970872485,2108.2829176726664,66.2
919.999999999711,-3958.7158992372774,5672.689634110203,1776.7389107314948,66.2
924.9999999997065,-3941.306939390244,4900.858049133254,1534.9941127587408,66.2
929.9999999997019,-3884.228510892786,4331.846509257913,1356.774430604326,66.2
934.9999999996974,-4010.974326543493,3866.9546311993477,1211.1659904628168,66.2
939.9999999996928,-3983.5018604221978,3471.4181702164838,1087.2803090365815,66.2
944.9999999996883,-4011.1727254098346,2874.4621799340375,900.3081663070699,66.2
949.9999999996837,-3949.0885028347598,2783.0437872143584,871.6750793627558,66.2
954.9999999996792,-3907.8549811008747,2585.519519814514,809.808650148515,66.2
959.9999999996746,-4070.3936208356954,2296.6381784005384,719.3283395762218,66.2
964.9999999996701,-3985.5289302346396,1930.6624831735653,604.7013636560472,66.2
969.9999999996655,-3976.0812219433033,1803.7097323457372,564.9385867778824,66.2
974.999999999661,-3995.2383678654883,1663.9627922160432,521.1685513627441,66.2
979.9999999996564,-4019.8013169130336,1597.100677583577,500.22671805549555,66.2
984.9999999996519,-3999.4813318021766,1508.2871046685502,472.4094847892218,66.2
989.9999999996473,-4084.325992911745,1556.440408766482,487.4915454323124,66.2
994.9999999996428,-4090.3285269870653,1653.477212908756,517.8843708490078,66.2
999.9999999996382,-4083.0845470879894,1540.183115199615,482.3996105783852,66.2
1004.9999999996337,-4124.851856565622,1426.5323931299654,446.8031522564501,66.2
1009.9999999996292,-4178.649040098508,1545.2135525228596,483.97519011943064,66.2
1014.9999999996246,-4118.72831668769,1937.5782258607805,606.8674382911017,66.2
1019.9999999996201,-4125.691846227413,2389.168545097792,748.3097070648824,66.2
1024.9999999996155,-4229.797552825473,2990.7979254386937,936.7455988265913,66.2
1029.999999999611,-4133.730917340275,3784.111354767992,1185.2187093277787,66.2
1034.9999999996064,-4161.0355149427305,5935.296911742144,1858.9899412839754,66.2
1039.9999999996019,-4064.591298832647,8927.3974100469,2796.143517991338,66.2
1044.9999999995973,-4052.8964395043026,11751.059873728755,3680.5407428683234,66.2
1049.9999999995928,-3919.729813122727,13403.478808648948,4198.0936512538565,66.2
1054.9999999995882,-3691.069933608987,11330.125661807626,3548.7002507177817,66.2
1059.9999999995837,-3508.7989777142734,9836.57768917029,3080.9071985344967,66.2
1064.9999999995791,-3387.728904353226,11327.910480056778,3548.0064352854324,66.2
1069.9999999995746,-3192.0469664429124,11816.53793725065,3701.0490785543016,66.2
1074.99999999957,-3037.0096296240035,8919.87557580453,2793.7876098700594,66.2
1079.9999999995655,-2784.383703987015,6238.307768445929,1953.8957468550122,66.2
1084.999999999561,-2618.2377082793296,5196.392042495269,1627.5580955109046,66.2
1089.9999999995564,-2511.809593311077,5351.213680887743,1676.049665982353,66.2
1094.9999999995518,-2734.768872127777,7020.949613085562,2199.026418234679,66.2
1099.9999999995473,-2521.8822351561994,9596.481106697776,3005.7067261082484,66.2
1104.9999999995428,-2538.935133289267,12571.670887400773,3937.563709504606,66.2
1109.9999999995382,-2527.3807435274907,17302.03277657473,5419.156846523643,66.2
1114.9999999995337,-2604.727668627926,21933.368748529134,6869.734149495124,66.2
1119.999999999529,-2538.7924078754654,27476.79771926163,8605.987423771354,66.2
1124.9999999995246,-2441.5062911488794,32317.60797342446,10122.174011227451,66.2
1129.99999999952,-2461.4503298363543,35738.46667020304,11193.618625107529,66.2
1134.9999999995155,-2375.6227506227665,44992.80955376426,14092.16449223982,66.2
1139.999999999511,-2453.793306950145,54060.64966329473,16932.29596391722,66.2
1144.9999999995064,-2419.9034018003936,62372.14785293378,19535.534144128786,66.2
1149.9999999995018,-2220.6870404304077,71264.8451315458,22320.809259703547,66.2
1154.9999999994973,-2172.9065846300214,82402.7401899884,25809.30110579113,66.2
1159.9999999994927,-1629.0833859100155,93236.83992090025,29202.641442782107,66.2
1164.9999999994882,-807.5052457447418,102450.96331692673,32088.590194069566,66.2
1169.9999999994836,39.53956698685023,108743.15962823118,34059.36433144389,66.2
1174.999999999479,1858.3944093515722,111952.0920158853,35064.43166330858,66.2
1179.9999999994745,4196.542601345115,116259.04823434835,36413.41022440353,66.2
1184.99999999947,5134.890282565676,119314.23761288817,37370.323822472565,66.2
1189.9999999994654,11869.291637091545,112753.7410125897,35315.51555068169,66.2
1194.999999999461,12026.792353401595,106148.98835123231,33246.84587084793,66.2
1199.9999999994563,8748.831932423653,99036.54636081705,31019.163193004133,66.2
1204.9999999994518,6248.149778638987,89214.36570947182,27942.76528000312,66.2
1209.9999999994473,4205.841521204795,79149.33006998741,24790.302936383952,66.2
1214.9999999994427,3167.7768539400736,68580.66807597596,21480.10015599252,66.2
1219.9999999994382,2192.2452752213685,59200.76207234636,18542.22675720102,66.2
1224.9999999994336,1785.7230924660162,50246.39905283476,15737.637360679779,66.2
1229.999999999429,1404.5658353665985,42767.95147890668,13395.31834562798,66.2
1234.9999999994245,1364.7875272924987,36472.038440449774,11423.380094900333,66.2
1239.99999999942,1055.3236538885517,31883.423443584903,9986.183396834424,66.2
1244.9999999994154,1156.4951939691914,27593.984272092584,8642.691337022181,66.2
1249.9999999994109,553.388755060284,24689.567243682355,7733.001034852665,66.2
1254.9999999994063,585.9785054509941,21873.151991713978,6850.873703778474,66.2
1259.9999999994018,590.3546292471099,19425.893606605598,6084.369721030965,66.2
1264.9999999993972,489.223176252097,17562.42078214496,5500.712780520545,66.2
1269.9999999993927,367.81282054514,16366.99975890388,5126.295848924737,66.2
1274.9999999993881,596.8985229087612,14950.694965716373,4682.696075656605,66.2
1279.9999999993836,205.98428917490872,14439.203504904784,4522.492214781465,66.2
1284.999999999379,531.567579702043,13437.435200038139,4208.729107402634,66.2
1289.9999999993745,476.4920150952238,12887.241860435019,4036.403459790942,66.2
1294.99999999937,513.8644795154969,12072.83228198453,3781.3228400784583,66.2
1299.9999999993654,321.04489799777497,11596.723507139344,3632.201164018204,66.2
1304.9999999993609,409.2705189459494,11229.827737389509,3517.2860122394895,66.2
1309.9999999993563,486.14725037411193,11224.661823813103,3515.668000281725,66.2
1314.9999999993518,509.6616897896296,11407.832158719855,3573.0386449515167,66.2
1319.9999999993472,614.0252843987,11357.883602315118,3557.3942946656252,66.2
1324.9999999993427,486.12837487215523,11224.334997695249,3515.5656353158815,66.2
1329.9999999993381,248.60395230304175,11057.406709725752,3463.282150114471,66.2
1334.9999999993336,363.2824588664645,10508.468223950942,3291.349534339147,66.2
1339.999999999329,175.22837685547913,10668.459081761725,3341.460152188649,66.2
1344.9999999993245,155.1862116953985,10754.500821018679,3368.4092214917896,66.2
1349.99999999932,292.8802221377607,10255.990832875666,3212.2712780379316,66.2
1354.9999999993154,282.66064841967534,9828.51986282341,3078.383412723912,66.2
1359.9999999993108,152.48190710951297,9553.862358504102,2992.3581396128684,66.2
1364.9999999993063,116.43788219014293,9385.359401270605,2939.5814534198043,66.2
1369.9999999993017,241.047910612797,8765.604124217209,2745.4683629995725,66.2
1374.9999999992972,263.9240623224928,8563.2188144604,2682.079410315971,66.2
1379.9999999992926,442.1137544524098,8553.728805540672,2679.1070516645327,66.2
1384.999999999288,657.4703702700606,8221.259528534049,2574.9745961308377,66.2
1389.9999999992835,174.80785924598496,8465.383449129538,2651.436468141991,66.2
1394.999999999279,47.192516119942084,8766.26520348105,2745.675419145229,66.2
1399.9999999992745,83.23820553310037,8529.523410462705,2671.5256978344114,66.2
1404.99999999927,79.06604094004172,8319.18157435828,2605.6446874378216,66.2
1409.9999999992654,338.00842757403063,7581.575583486134,2374.619662396633,66.2
1414.9999999992608,155.22488576072604,7536.399077412388,2360.4699624536865,66.2
1419.9999999992563,376.06174607114093,7299.443689406412,2286.253341215297,66.2
1424.9999999992517,142.52923188365014,7820.2042999946925,2449.3603856135796,66.2
1429.9999999992472,421.4085125357068,7972.2530260401145,2496.9834542665203,66.2
1434.9999999992426,416.4055515837683,8130.335470574517,2546.496339409915,66.2
1439.999999999238,649.4949492962534,8785.957485390698,2751.8432241489754,66.2
1444.9999999992335,617.8202663903741,9759.045878175266,3056.62351754726,66.2
1449.999999999229,982.584547928485,10398.211194882177,3256.81601208364,66.2
1454.9999999992244,1288.0938835076993,10404.087863617411,3258.6566391372667,66.2
1459.9999999992199,848.27412848145,10749.688989278504,3366.9021112431956,66.2
1464.9999999992153,1175.2518684761744,9841.986261019909,3082.6012133099434,66.2
1469.9999999992108,772.9715708499151,9550.748368605535,2991.3828091475557,66.2
1474.9999999992062,648.3486912977695,8789.436462270636,2752.9328719158743,66.2
1479.9999999992017,571.1711260678462,7745.153320822169,2425.8537241205013,66.2
1484.9999999991971,301.7217767390228,7177.998257904444,2248.215507736334,66.2
1489.9999999991926,81.29670009972489,6600.902723252446,2067.463843576863,66.2
1494.999999999188,3.545272770228606,5927.522689506651,1856.5549829066622,66.2
1499.9999999991835,-244.47944102654404,5540.326178168971,1735.2814509199163,66.2
1504.999999999179,-420.91468342887435,5121.669476099866,1604.1542959400413,66.2
1509.9999999991744,-392.1737177468196,4527.623538169958,1418.0936085483872,66.2
1514.9999999991699,-499.97320011096906,4117.134665323177,1289.5246932980838,66.2
1519.9999999991653,-882.9341486619479,3992.5118337104914,1250.4916686883164,66.2
1524.9999999991608,-1059.0906750233457,3742.0225750144214,1172.036113854246,66.2
1529.9999999991562,-960.7159859415085,4041.353638981366,1265.7893742728638,66.2
1534.9999999991517,-822.8963334045109,4589.328917290878,1437.4203045527552,66.2
1539.9999999991471,-645.0172738201192,5343.686559583278,1673.6921019042793,66.2
1544.9999999991426,-224.7049043774165,6311.257626314631,1976.7443177037128,66.2
1549.999999999138,-253.40938317316642,6546.791088117732,2050.5155784912777,66.2
1554.9999999991335,-265.0421938669123,6665.547240753121,2087.7111049320893,66.2
1559.999999999129,-338.0755932251482,6354.795215331269,1990.3806936514038,66.2
1564.9999999991244,-299.8099304291067,5726.702359775065,1793.6561964554262,66.2
1569.9999999991198,-837.2717235183686,5350.023363628453,1675.6768475968768,66.2
1574.9999999991153,-710.0444519494459,4657.442908954332,1458.754237335891,66.2
1579.9999999991107,-980.9303252661007,4221.668927151563,1322.2657918729615,66.2
1584.9999999991062,-1222.395220904929,3935.7172779250377,1232.7030880166442,66.2
1589.9999999991016,-1357.347608739236,3643.0657204506465,1141.0419108698559,66.2
1594.999999999097,-1369.6768204549576,3304.7311785202987,1035.0724000618745,66.2
1599.9999999990926,-1606.2033315528756,3322.8506862729037,1040.747597639012,66.2
1604.999999999088,-1779.4671140828787,3194.5472294089313,1000.5617671255933,66.2
1609.9999999990835,-1902.4042116808716,3140.173865922859,983.5315262973013,66.2
1614.999999999079,-2061.7446506715405,2972.83893723173,931.1206774572266,66.2
1619.9999999990744,-1966.4538828249072,2266.320273185781,709.8324909821044,66.2
1624.9999999990698,-2031.9216414730479,2105.1613461958186,659.356023051788,66.2
1629.9999999990653,-2200.2583599904797,2459.338978300524,770.2877363764994,66.2
1634.9999999990607,-2380.730117071422,3147.341017052285,985.7763443839763,66.2
1639.9999999990562,-2433.4027314605532,6062.24813421109,1898.7522394659889,66.2
1644.9999999990516,-2485.291100898958,9727.525628105523,3046.7510834133436,66.2
1649.999999999047,-2514.462339096081,12496.200858428438,3913.9257977346956,66.2
1654.9999999990425,-2529.418455788805,11686.448465459709,3660.3038516309666,66.2
1659.999999999038,-2447.7705677125564,7936.540517329685,2485.7979659147304,66.2
1664.9999999990334,-2498.862411252308,5332.6516946270785,1670.235880040059,66.2
1669.999999999029,-2581.801195379318,3204.6617464198443,1003.7297274928385,66.2
1674.9999999990243,-2632.1309709787092,2119.4913075427116,663.8442996113246,66.2
1679.9999999990198,-2553.9150418245167,2119.2011659054306,663.7534245644191,66.2
1684.9999999990152,-2553.9116215093036,3854.0947482264487,1207.1381560598888,66.2
1689.9999999990107,-2484.545330256774,6233.422897427438,1952.3657600282577,66.2
1694.9999999990061,-2243.385543184345,7908.56992720525,2477.037318138166,66.2
1699.9999999990016,-1946.344953718764,10036.24738623529,3143.445596182089,66.2
1704.999999998997,-1235.663505210826,11380.97577173598,3564.6269759137836,66.2
1709.9999999989925,-499.0038508878388,13706.264591572804,4292.928961633304,66.2
1714.999999998988,290.9815678759847,16228.595231223864,5082.94626951679,66.2
1719.9999999989834,1706.6511031905566,16537.886105755024,5179.819034811288,66.2
1724.9999999989789,2404.9904409541073,16930.842331180036,5302.896562573179,66.2
1729.9999999989743,2012.1537563905526,16269.139458349797,5095.645096807995,66.2
1734.9999999989698,1996.0727911301587,15120.0881798907,4735.751598565468,66.2
1739.9999999989652,2518.4184104936203,13112.792965714474,4107.048154099406,66.2
1744.9999999989607,955.4831618964663,12673.670519747024,3969.5109386602717,66.2
1749.9999999989561,813.0935758720055,11284.703564266782,3534.4736292536727,66.2
1754.9999999989516,1073.2020108992792,9920.640114014248,3107.236328239145,66.2
1759.999999998947,280.7130440738949,9899.77166708061,3100.7001374610386,66.2
1764.9999999989425,574.7533254029687,9114.84286658907,2854.8531703360923,66.2
1769.999999998938,720.819985235909,8316.701757373516,2604.867985800237,66.2
1774.9999999989334,940.1757288750325,8014.9861309620255,2510.36785834789,66.2
1779.9999999989288,849.1348075416536,7962.480881160347,2493.922728020405,66.2
1784.9999999989243,680.208535214179,8185.995194414981,2563.9294802102286,66.2
1789.9999999989197,460.72582423401997,7750.827501611054,2427.6309300747134,66.2
1794.9999999989152,426.52915324319406,7362.652799693566,2306.051019742358,66.2
1799.9999999989107,295.5679690201872,7059.251235722711,2211.0228410381364,66.2
1804.999999998906,-137.2952527847045,6834.246164158198,2140.5491695443316,66.2
1809.9999999989016,-459.37223775524456,6337.267830272811,1984.8909543839002,66.2
1814.999999998897,-438.5950459127016,5385.12458558112,1686.670875276889,66.2
1819.9999999988925,-608.594945299153,4963.018972581673,1554.463489463876,66.2
1824.999999998888,-609.8973155196268,4891.930429415482,1532.1978996119117,66.2
1829.9999999988834,-529.1190546598046,4613.497729347242,1444.990200241828,66.2
1834.9999999988788,-889.1605470332241,4521.3963200443295,1416.1431861803298,66.2
1839.9999999988743,-1047.6623943248426,3953.744937679306,1238.349517950381,66.2
1844.9999999988697,-1266.055891915962,3742.0974580113816,1172.059567902155,66.2
1849.9999999988652,-1063.0748530694123,3913.347920260355,1225.6967981022578,66.2
1854.9999999988606,-574.1458812297275,5228.102175882347,1637.490002857735,66.2
1859.999999998856,-212.71749786660038,5324.21145966606,1667.5923203112163,66.2
1864.9999999988515,-445.9553693924489,5134.903923953137,1608.2994475311948,66.2
1869.999999998847,-781.5301314529406,5206.132261410087,1630.60882224923,66.2
1874.9999999988424,-1089.0655251572891,5060.608113537881,1585.0293118841876,66.2
1879.999999998838,-902.1767520948902,4154.511095869158,1301.2313373732297,66.2
1884.9999999988333,-1358.2751543587403,4067.3652612571536,1273.9364551832566,66.2
1889.9999999988288,-1447.7310061725611,4083.835431684209,1279.0950650405925,66.2
1894.9999999988243,-1585.54990334479,3990.131241692853,1249.7460452290525,66.2
1899.9999999988197,-1872.2519775741243,3632.9778710290425,1137.8823030384685,66.2
1904.9999999988152,-1983.0405174806624,3814.414162413067,1194.7098292232993,66.2
1909.9999999988106,-2069.327296937946,3910.861827280332,1224.9181307648553,66.2
1914.999999998806,-2249.244368209255,3364.4510638811676,1053.7772210390447,66.2
1919.9999999988015,-2272.299600642197,2813.9051192620236,881.3411342719439,66.2
1924.999999998797,-2281.296460070518,2602.66519229447,815.178833502566,66.2
1929.9999999987924,-2352.1617377523485,2391.514994804475,749.0446368362681,66.2
1934.9999999987879,-2372.8328942491753,2497.686216047358,782.2984462546115,66.2
1939.9999999987833,-2388.206943949602,2230.977557861539,698.7628253423877,66.2
1944.9999999987788,-2390.878653449605,2253.9256439151663,705.9503783460151,66.2
1949.9999999987742,-2427.374783504027,2638.471380046156,826.3936629973506,66.2
1954.9999999987697,-2503.700572674058,2732.597258194079,855.8747594434844,66.2
1959.9999999987651,-2409.071550862697,2437.8722220318828,763.5641495755679,66.2
1964.9999999987606,-2446.1821078163734,2227.61973948842,697.7111255415002,66.2
1969.999999998756,-2489.126880787108,2182.863366443206,683.6930151526497,66.2
1974.9999999987515,-2562.283565792805,2812.1403482656483,880.7883916577638,66.2
1979.999999998747,-2574.755402859781,3675.032649473806,1151.0542489873014,66.2
1984.9999999987424,-2449.449697707463,3578.480346421205,1120.8131737973656,66.2
1989.9999999987378,-2524.1119216968177,3318.471123261533,1039.3758779581901,66.2
1994.9999999987333,-2509.402815897051,3129.26807757596,980.1157324220953,66.2
1999.9999999987288,-2501.418583594445,2602.6461054574256,815.1728553284993,66.2
2004.9999999987242,-2533.2818027616117,2739.1348408719855,857.9223908626468,66.2
2009.9999999987197,-2534.143534263147,3803.8892638863836,1191.4133335660338,66.2
2014.999999998715,-2554.957793351162,3005.7245918447547,941.4207689349092,66.2
2019.9999999987106,-2559.2090395361047,2091.1455213761706,654.9661369608366,66.2
2024.999999998706,-2573.997593880572,1467.3486267102537,459.5871744873753,66.2
2029.9999999987015,-2625.3089376627017,1231.6393030370548,385.76083213397993,66.2
2034.999999998697,-2598.839324808105,1145.3967151660765,358.7488551854857,66.2
2039.9999999986924,-2639.823309955065,1528.7981937089014,478.83374776675845,66.2
2044.9999999986878,-2622.1185321403414,1694.3087669586873,530.6731915928609,66.2
2049.999999998692,-2619.023731872202,1940.3341931748582,607.730632768406,66.2
2054.9999999987103,-2656.4008507388767,2131.457505544668,667.5922236076863,66.2
2059.9999999987285,-2586.215588880579,2132.5202140735787,667.9250737574156,66.2
2064.9999999987467,-2599.1221922919904,1860.3797978919497,582.6881759541028,66.2
2069.999999998765,-2622.6908924280197,1472.500618001896,461.20082585666034,66.2
2074.999999998783,-2628.321963825165,1545.5240556008232,484.0724425580627,66.2
2079.9999999988013,-2688.9983598200724,3776.0714588833625,1182.7005395039694,66.2
2084.9999999988195,-2613.346326246537,8237.85989624461,2580.173984982724,66.2
2089.9999999988377,-2711.333590262398,8986.894581728815,2814.778582982393,66.2
2094.999999998856,-2668.473130332169,8962.1259692746,2807.0208242558074,66.2
2099.999999998874,-2640.593765649616,9100.477641481153,2850.3538488401337,66.2
2104.9999999988922,-2695.0336443599144,9042.980990190048,2832.345365356145,66.2
2109.9999999989104,-2547.7845465121823,11586.418306174084,3628.9734796711195,66.2
2114.9999999989286,-2598.0959816453387,15653.20327055584,4902.728180500658,66.2
2119.999999998947,-2455.4395469734404,16026.439429609616,5019.629200908207,66.2
2124.999999998965,-2572.5930242978716,17240.387639135977,5399.8490187718435,66.2
2129.999999998983,-2556.788545368109,9858.317606045004,3087.7163417661504,66.2
2134.9999999990014,-2612.2631223322096,4763.330092818706,1491.9190836176892,66.2
2139.9999999990196,-2512.8689306618508,2928.085223314493,917.1033999318762,66.2
2144.9999999990378,-2571.6262612747187,3162.130689833948,990.4086068208563,66.2
2149.999999999056,-2613.2413162203593,3670.4892411777423,1149.6312114464467,66.2
2154.999999999074,-2489.592157896077,3493.9170694126296,1094.327172557908,66.2
2159.9999999990923,-2550.9442363888206,3142.0504139476857,984.1192785116157,66.2
2164.9999999991105,-2577.5109168333406,3405.4444161881843,1066.616718494933,66.2
2169.9999999991287,-2525.07008651647,3441.0915106268562,1077.7817184912078,66.2
2174.999999999147,-2593.6630196262618,3363.937407465165,1053.6163390941606,66.2
2179.999999999165,-2657.296098565413,3825.82937519156,1198.2851795466927,66.2
2184.9999999991833,-2589.161807992709,2454.0453479332036,768.6297223374282,66.2
2189.9999999992015,-2626.3451791781795,2061.037781354685,645.5361140509455,66.2
2194.9999999992197,-2575.0362420551633,1875.3398020097845,587.3737877423864,66.2
2199.999999999238,-2618.951929579908,1837.3925726984728,575.4883642095274,66.2
2204.999999999256,-2573.234637742385,3200.851438777189,1002.5363038636212,66.2
2209.999999999274,-2589.4851387706453,3129.3074771399906,980.128072730308,66.2
2214.9999999992924,-2570.8699196647644,3773.3657934251955,1181.853100033627,66.2
2219.9999999993106,-2596.527566591822,4277.460662772797,1339.740279985167,66.2
2224.999999999329,-2626.595698028933,4881.552550692546,1528.9474519182781,66.2
2229.999999999347,-2633.8617298899712,6180.019705308716,1935.6393858539923,66.2
2234.999999999365,-2692.4749446834794,7734.726304974406,2422.587886224464,66.2
2239.9999999993834,-2594.526070076307,16679.908035720295,5224.3016181046105,66.2
2244.9999999994016,-2568.638882231565,30200.285698803673,9459.009072808014,66.2
2249.9999999994197,-2493.9094743364894,42431.78437426842,13290.02769624585,66.2
2254.999999999438,-2181.3539185517493,53857.913264116556,16868.797046776486,66.2
2259.999999999456,-1818.6231819189768,58355.481560037544,18277.477075203355,66.2
2264.9999999994743,-1606.8391256997493,48399.76364168007,15159.254053896271,66.2
2269.9999999994925,-1803.0199774827756,48720.20268987141,15259.61853039008,66.2
2274.9999999995107,-1639.727129132093,45771.52792880741,14336.066296618686,66.2
2279.999999999529,-994.0510102228725,35672.63519602663,11172.999597932709,66.2
2284.999999999547,-1056.5390900220623,28625.14072378592,8965.659084060353,66.2
2289.9999999995653,-1094.0425271142858,18996.093022032765,5949.752198881707,66.2
2294.9999999995835,-424.0701070028789,13159.752838529621,4121.756421016033,66.2
2299.9999999996016,-734.4392177774694,14005.735525584674,4386.726030644899,66.2
2304.99999999962,-856.127754583521,20916.97192815332,6551.389255629141,66.2
2309.999999999638,-437.4700864859799,30434.05005256649,9532.226232579093,66.2
2314.999999999656,-759.4028345550955,46314.34963242928,14506.083079595006,66.2
2319.9999999996744,-237.0964453293267,55837.37709834153,17488.78344538102,66.2
2324.9999999996926,-545.2796722945754,69170.62665393061,21664.880644399458,66.2
2329.999999999711,-470.0721515950072,83995.81582279611,26308.26714255927,66.2
2334.999999999729,546.8111559885136,96678.16693509673,30280.49692317159,66.2
2339.999999999747,457.0446726457272,95372.43421616092,29871.52934722693,66.2
2344.9999999997654,385.0130360159727,92497.1874001855,28970.975425647594,66.2
2349.9999999997835,1515.094886177302,85127.83305501402,26662.825419819157,66.2
2354.9999999998017,1171.2771644866782,72574.57103454327,22731.02753786492,66.2
2359.99999999982,2653.06845464772,63038.17292504301,19744.13936272274,66.2
2364.999999999838,3437.615537529534,59704.263450743674,18699.928050292434,66.2
2369.9999999998563,4235.5841114271125,52730.58217006978,16515.70651137571,66.2
2374.9999999998745,1308.9027227904567,48456.87779197519,15177.142734527151,66.2
2379.9999999998927,1210.4080511609864,43838.02416660968,13730.475018067926,66.2
2384.999999999911,1617.1704105373537,39969.2490300762,12518.73882848036,66.2
2389.999999999929,1086.825507986651,36855.50341469008,11543.484874921895,66.2
2394.9999999999472,1174.232777640613,33258.745718881626,10416.947066086133,66.2
2399.9999999999654,585.2732373857822,32854.40550924085,10290.303969075809,66.2
2404.9999999999836,142.9381267270889,33290.92342235977,10427.025420714213,66.2
2410.000000000002,17.93344574914969,31792.80342277072,9957.800367362177,66.2
2415.00000000002,785.9825749268821,29167.918236460773,9135.662026022952,66.2
2420.000000000038,149.04874384292114,27821.249715879763,8713.872978022478,66.2
2425.0000000000564,208.0443312493956,22282.911741902175,6979.214251061946,66.2
2430.0000000000746,241.14499263041083,17938.3475669223,5618.4565298143225,66.2
2435.0000000000928,386.6403974605184,15342.202399145655,4805.319828352629,66.2
2440.000000000111,11.033215827126842,13862.781349758869,4341.951459317394,66.2
2445.000000000129,384.4396478006375,12730.442612262004,3987.2924836276684,66.2
2450.0000000001473,63.58883033623246,12555.6746033878,3932.553525259365,66.2
2455.0000000001655,34.39742852268996,14472.998636971965,4533.077163017662,66.2
2460.0000000001837,-49.60477403522929,14984.604053344932,4693.316715829618,66.2
2465.000000000202,128.76399626745612,13852.43457113212,4338.7107524618095,66.2
2470.00000000022,-30.374341583003684,13936.75583884654,4365.120954149834,66.2
2475.0000000002383,-188.056043518297,15529.46851536215,4863.973309647064,66.2
2480.0000000002565,-145.03009438524367,13430.334118848483,4206.504983032765,66.2
2485.0000000002747,-56.4691579827038,13029.811336097575,4081.0575394657917,66.2
2490.000000000293,47.74590498011429,11322.288090060496,3546.245450686939,66.2
2495.000000000311,-120.28388610390478,11389.575578282502,3567.320514940507,66.2
2500.0000000003292,-109.08326187846646,10205.298096460017,3196.3938436830613,66.2
2505.0000000003474,-74.98979224640605,8163.046314763327,2556.7416786443523,66.2
2510.0000000003656,-124.5469317286413,6687.953477925122,2094.7289458495957,66.2
2515.000000000384,-109.72705354198911,6561.225220535835,2055.036482394725,66.2
2520.000000000402,-79.2728791067835,5791.437783703921,1813.9319305455638,66.2
2525.00000000042,-184.25750278060207,4821.075735162439,1510.0055534045007,66.2
2530.0000000004384,-145.8686518691836,4633.580242383008,1451.2802292470046,66.2
2535.0000000004566,-239.01355804819087,5282.527762549699,1654.536600469882,66.2
2540.0000000004748,-263.9922213121408,4509.270613357876,1412.3453025872643,66.2
2545.000000000493,-126.6131601023003,4245.5000946999335,1329.7299341762434,66.2
2550.000000000511,-224.9573497529489,4275.31940357798,1339.0696177817358,66.2
2555.0000000005293,-264.29766640346253,3735.7383580247006,1170.0678389142636,66.2
2560.0000000005475,-273.54817034572176,3205.822012369671,1004.0931335299781,66.2
2565.0000000005657,-286.07708847788075,3450.198752060298,1080.6341908223085,66.2
2570.000000000584,-354.0861970610957,4362.968869287321,1366.522241893973,66.2
2575.000000000602,-292.908363909591,3856.8345644865976,1207.9962918775775,66.2
2580.0000000006203,-317.71368568227746,3891.7380777393278,1218.9283953623972,66.2
2585.0000000006385,-289.06095179695564,3163.5797329224883,990.8624605313175,66.2
2590.0000000006567,-337.5860762764381,3093.232588699124,968.8290836920614,66.2
2595.000000000675,-357.37309967833187,3639.324822843693,1139.8702271064133,66.2
2600.000000000693,-325.48009174853865,7201.029750346906,2255.4291843931146,66.2
2605.000000000711,-299.3037562154116,7041.962343918176,2205.607800065714,66.2
2610.0000000007294,-268.4238217482111,6864.659754576804,2150.07498763014,66.2
2615.0000000007476,-286.5172937465324,7353.402719868426,2303.1538091045904,66.2
2620.000000000766,-313.3390599424348,6415.770525176055,2009.478725199561,66.2
2625.000000000784,-385.5051648846072,3443.754179984017,1078.6156911846604,66.2
2630.000000000802,-406.97501088277664,2910.3045712943613,911.5343351072501,66.2
2635.0000000008204,-402.4457753858826,6460.547999032489,2023.5034445578358,66.2
2640.0000000008386,-398.57558487351076,9866.006648616529,3090.124621084122,66.2
2645.0000000008567,-370.5428298712293,8654.146843138515,2710.558910702714,66.2
2650.000000000875,-371.5635910838114,7054.837068719348,2209.640283066662,66.2
2655.000000000893,-429.59626406854613,4908.270293024904,1537.3156961675945,66.2
2660.0000000009113,-403.34777636186016,3099.971414490839,970.939746317562,66.2
2665.0000000009295,-494.21596583535376,2327.349444734216,728.947392514492,66.2
2670.0000000009477,-437.4844395432255,2414.3909243648463,756.2095897581883,66.2
2675.000000000966,-448.5766032858928,3240.0900233760563,1014.8261918278114,66.2
2680.000000000984,-495.1677343134375,2145.2427203680886,671.9098805128496,66.2
2685.0000000010023,-464.73971305611707,2951.0849485263375,924.3071267979286,66.2
2690.0000000010205,-512.6922200962063,2584.6658085287877,809.5412598702317,66.2
2695.0000000010386,-461.0027936328595,2047.5359658565362,641.3072204381467,66.2
2700.000000001057,-483.9833314943684,1823.3605952484302,571.0934189651966,66.2
2705.000000001075,-494.77704306144386,2879.5140490203826,901.890458474732,66.2
2710.000000001093,-429.13677156442634,7379.373175453569,2311.287996226355,66.2
2715.0000000011114,-464.96272398590565,10881.283176694957,3408.118629030984,66.2
2720.0000000011296,-307.67798065462136,17823.572784205197,5582.508005291137,66.2
2725.000000001148,-367.350770324841,20849.588728514886,6530.284213673857,66.2
2730.000000001166,-423.3339305002641,17978.039187584844,5630.888312867829,66.2
2735.000000001184,-318.3151766168835,14535.954971958592,4552.795669980424,66.2
2740.0000000012024,-365.83159374954573,9700.414288149666,3038.2595607444514,66.2
2745.0000000012205,-425.54681183049547,6912.073445495086,2164.9253945780824,66.2
2750.0000000012387,-475.5080094284684,5171.134172878273,1619.6470969114298,66.2
2755.000000001257,-493.157737390419,4127.95635970537,1292.9141481650083,66.2
2760.000000001275,-494.04708338162084,4192.838535869424,1313.2358464138308,66.2
2765.0000000012933,-436.78085297754706,4991.032022461996,1563.2374360290735,66.2
2770.0000000013115,-468.46671792724106,5088.19135490967,1593.6686384453778,66.2
2775.0000000013297,-494.69702908019735,7648.878505545029,2395.699560670801,66.2
2780.000000001348,-466.74576266489413,15441.276031772495,4836.350607307493,66.2
2785.000000001366,-503.4516961898816,17390.079282206436,5446.73382721533,66.2
2790.0000000013843,-393.42196055760564,17571.057788299335,5503.4179708088395,66.2
2795.0000000014024,-415.8189530430464,18952.242745427022,5936.0178862862695,66.2
2800.0000000014206,-363.1977897273513,17536.852649734225,5492.704604741682,66.2
2805.000000001439,-440.35363537117416,16258.570379934621,5092.334763600641,66.2
2810.000000001457,-461.29747924034524,11565.633764844926,3622.463568905128,66.2
2815.000000001475,-452.44896624179864,7673.5200352335005,2403.417515898633,66.2
2820.0000000014934,-460.1055400136589,6014.544989137271,1883.8111727967882,66.2
2825.0000000015116,-509.94375406181393,4128.820835957189,1293.1849101303333,66.2
2830.0000000015298,-455.76122415103396,4270.138514537615,1337.446915370018,66.2
2835.000000001548,-551.3767533257006,7212.00211950376,2258.8658319943984,66.2
2840.000000001566,-615.2805917395614,4340.983082406035,1359.6360899000153,66.2
2845.0000000015843,-606.1010147394397,3819.7965019968706,1196.395627810236,66.2
2850.0000000016025,-605.3624040604104,3471.620005545463,1087.343525730194,66.2
2855.0000000016207,-643.8811551924623,3713.5088541899972,1163.1053525141826,66.2
2860.000000001639,-575.1322606873761,4319.518720350981,1352.913252988945,66.2
2865.000000001657,-591.954581422686,4987.496097345635,1562.129951547304,66.2
2870.0000000016753,-592.5608012894409,6854.324340832619,2146.8378403609895,66.2
2875.0000000016935,-605.3159636492604,6169.725756998539,1932.4152259426562,66.2
2880.0000000017117,-684.1107281351279,4662.645640447382,1460.3837810060058,66.2
2885.00000000173,-607.1651907537446,5105.183665725979,1598.9907875065642,66.2
2890.000000001748,-680.950641401471,5024.742209771039,1573.79577878061,66.2
2895.0000000017662,-706.1334320720116,6322.482226383724,1980.2599663618446,66.2
2900.0000000017844,-645.7706273891501,4555.38703278544,1426.789392094273,66.2
2905.0000000018026,-713.1172704483996,3050.554585489159,955.4619379770002,66.2
2910.000000001821,-796.7986930493826,2816.407951381984,882.1250444629445,66.2
2915.000000001839,-743.2944132845782,3976.274595580881,1245.4060153830094,66.2
2920.000000001857,-828.7725339762827,6639.503261729986,2079.553889588871,66.2
2925.0000000018754,-721.2611053409471,7588.588918329863,2376.8163037986087,66.2
2930.0000000018936,-786.1941990240556,8261.459651288058,2587.565646747065,66.2
2935.0000000019118,-819.3809244514962,4976.007451751655,1558.5316013862644,66.2
2940.00000000193,-889.9430978172204,4870.933057134425,1525.621328221413,66.2
2945.000000001948,-893.5803688636053,7513.10811144179,2353.1750162857084,66.2
2950.0000000019663,-798.4227272430483,11300.611589294069,3539.4561699675023,66.2
2955.0000000019845,-742.2001531947343,16324.062110493072,5112.847379928996,66.2
2960.0000000020027,-776.9637629013895,19728.233838815628,6179.065480801966,66.2
2965.000000002021,-570.5983280401949,26163.53672988479,8194.661923828404,66.2
2970.000000002039,-359.74353617001407,34637.122753146235,10848.667514127314,66.2
2975.0000000020573,-337.9627809047261,33997.036322312735,10648.186518118882,66.2
2980.0000000020755,-336.591274206908,29204.40058636939,9147.088635765145,66.2
2985.0000000020937,-487.67516480903805,27474.001177867132,8605.11152111643,66.2
2990.000000002112,-283.53859923054284,21693.105251782566,6794.481397972963,66.2
2995.00000000213,-283.0005003421661,16120.582274339027,5049.1156114447385,66.2
3000.000000002148,-418.7305287961748,12859.939095771751,4027.8519811314936,66.2
3005.0000000021664,-213.0283807753132,10723.900413849024,3358.824890670017,66.2
3010.0000000021846,-478.1042082391225,10741.024180573237,3364.188212938567,66.2
3015.000000002203,-270.79130043601106,14161.038705061921,4435.368424242169,66.2
3020.000000002221,-9.240843818267209,12726.576762899742,3986.081663817669,66.2
3025.000000002239,-28.735255706163272,8289.285934630352,2596.2810963034813,66.2
3030.0000000022574,-142.3319618380814,7575.556419669655,2372.734404564352,66.2
3035.0000000022756,-168.8987013164161,8225.186373878016,2576.204520447003,66.2
3040.0000000022937,-363.6314518603863,8409.904517270548,2634.059953064034,66.2
3045.000000002312,-386.8778541009821,8695.99278775585,2723.6654479634285,66.2
3050.00000000233,-447.6196883541173,9450.036312381133,2959.8388607535344,66.2
3055.0000000023483,-293.7595486334465,11860.203011207526,3714.7253839655214,66.2
3060.0000000023665,-369.63792804613684,14803.55502636115,4636.610484440208,66.2
3065.0000000023847,-342.6824201534908,10208.358772348301,3197.3524757067757,66.2
3070.000000002403,-428.6547304420655,6731.603624028558,2108.400575718917,66.2
3075.000000002421,-427.34735992029454,5527.580430548704,1731.289364766089,66.2
3080.0000000024393,-382.96798468356747,4278.93426977994,1340.2018273423455,66.2
3085.0000000024575,-463.2215967683335,3797.521272699011,1189.4188197717717,66.2
3090.0000000024756,-292.00622863030486,3397.1841051240303,1064.0295125963098,66.2
3095.000000002494,-394.9190425532899,3344.6045482184313,1047.5611085959467,66.2
3100.000000002512,-414.62849460659055,3029.1218637135366,948.7490110943711,66.2
3105.00000000253,-396.1188133384238,5348.63786301457,1675.2428959777496,66.2
3110.0000000025484,-473.97242974224855,10524.397490465752,3296.3387280835204,66.2
3115.0000000025666,-421.8934389201968,13140.851423243144,4115.836322760446,66.2
3120.000000002585,-459.43272020660567,12682.151102080656,3972.16713555975,66.2
3125.000000002603,-429.2473994900736,9031.948126361298,2828.889770263568,66.2
3130.000000002621,-491.8167779694261,6035.619975894435,1890.4120537597528,66.2
3135.0000000026394,-453.6640249880426,4436.763792415814,1389.6354950055897,66.2
3140.0000000026575,-515.3345150885528,3591.83314983272,1124.9953954450884,66.2
3145.0000000026757,-467.5605863801517,2694.2967928689,843.8786991208501,66.2
3150.000000002694,-532.1205679668816,2618.2939997872045,820.0739206995987,66.2
3155.000000002712,-531.4061943884682,2642.0486334251473,827.5140918735897,66.2
3160.0000000027303,-554.3690867469163,2355.544280187349,737.7782760040506,66.2
3165.0000000027485,-504.7580374407308,2328.4562020198255,729.2940391426195,66.2
3170.0000000027667,-536.7190074172847,2054.096180300413,643.361940335934,66.2
3175.000000002785,-568.8162869241957,2082.520886684107,652.2648215290718,66.2
3180.000000002803,-531.4064902120604,2851.5341154519906,893.1268842450197,66.2
3185.0000000028213,-599.499574933765,2681.4376111707275,839.8510843636586,66.2
3190.0000000028394,-555.6648189869022,6866.804794359126,2150.746833948579,66.2
3195.0000000028576,-475.97897232848175,9924.868318478726,3108.5606410218147,66.2
3200.000000002876,-497.72638655761864,9532.493618815311,2985.6652525121763,66.2
3205.000000002894,-570.2164178109754,3710.7402461994957,1162.238198859996,66.2
3210.000000002912,-611.0033110828316,2985.718873598411,935.15479276874,66.2
3215.0000000029304,-545.9302057179332,2840.8354249708045,889.7759553386514,66.2
3220.0000000029486,-584.7973268110098,2905.2169660015834,909.9408500288902,66.2
3225.0000000029668,-601.6123849384298,2119.498593736635,663.8465817147164,66.2
3230.000000002985,-594.7157680280798,3725.6646887576176,1166.912672438551,66.2
3235.000000003003,-602.4051804761162,9663.77099666452,3026.7825426105046,66.2
3240.0000000030213,-652.5384158583254,13341.616304311634,4178.717742177061,66.2
3245.0000000030395,-561.2171323729364,11816.324982747261,3700.9823792323236,66.2
3250.0000000030577,-530.3028651313407,8552.742093655601,2678.798004367225,66.2
3255.000000003076,-604.0434177360718,8279.94832978898,2593.35647202033,66.2
3260.000000003094,-591.1790450558033,9369.959593225756,2934.758090969909,66.2
3265.0000000031123,-511.0726481239741,8362.76803287219,2619.296369764489,66.2
3270.0000000031305,-571.28580037258,5878.744574822831,1841.2772258036225,66.2
3275.0000000031487,-655.2193078422457,4922.071305226651,1541.6383009579004,66.2
3280.000000003167,-676.6836991027967,3998.9046688868707,1252.4939638499388,66.2
3285.000000003185,-653.0900792966504,3170.5555510804247,993.0473513599759,66.2
3290.0000000032032,-756.9861912247311,3035.365922421043,950.7047080885816,66.2
3295.0000000032214,-779.1538755593115,3524.8901257101943,1104.0282205364992,66.2
3300.0000000032396,-767.1089962347754,4495.965781516071,1408.1781060792919,66.2
3305.000000003258,-697.9674750598627,7720.049946940952,2417.9911150157827,66.2
3310.000000003276,-760.5287321684631,13490.857628241392,4225.461506496661,66.2
3315.000000003294,-595.9235380890467,15271.199071630928,4783.080928831623,66.2
3320.0000000033124,-616.3949441345273,10306.587751149047,3228.1187012635664,66.2
3325.0000000033306,-642.4091464006586,5720.694079420795,1791.7743474242673,66.2
3330.0000000033488,-740.9736495066475,3313.9225349654794,1037.9512179933822,66.2
3335.000000003367,-711.5628589258241,3345.601127401368,1047.8732464222967,66.2
3340.000000003385,-680.769625763548,6824.212440399984,2137.4065143718094,66.2
3345.0000000034033,-612.2888418671248,7310.057369087924,2289.577643952184,66.2
3350.0000000034215,-688.4831634175008,6875.041043080832,2153.3265032987797,66.2
3355.0000000034397,-668.0236923029038,8378.088011295718,2624.0947288379302,66.2
3360.000000003458,-681.7042868767446,10493.254421593809,3286.5844305926703,66.2
3365.000000003476,-556.2379169567753,10105.273867427124,3165.065329133272,66.2
3370.0000000034943,-701.6965630765246,8631.513350206322,2703.4698911771993,66.2
3375.0000000035125,-769.8523375904475,6250.926072783683,1957.8479165928966,66.2
3380.0000000035307,-731.9810552078986,6013.269059898305,1883.4115399466887,66.2
3385.000000003549,-789.3842004325899,9444.096661579091,2957.9785071335004,66.2
3390.000000003567,-784.4134846672113,7763.805703304271,2431.695822996231,66.2
3395.0000000035852,-674.8099793505708,5136.331933750327,1608.7467134200806,66.2
3400.0000000036034,-707.9458770351172,4313.153900257745,1350.919732410724,66.2
3405.0000000036216,-837.0652880566784,3256.7299946018607,1020.0379848673184,66.2
3410.00000000364,-759.3137640583979,4522.456971547192,1416.475392050457,66.2
3415.000000003658,-791.661345380997,6850.881495040832,2145.7595091853977,66.2
3420.000000003676,-710.4749198364779,4166.201534807165,1304.892891077806,66.2
3425.0000000036944,-761.7940506856878,3883.7814335790335,1216.4363007493882,66.2
3430.0000000037126,-753.6477163309027,3573.8368859895,1119.358799001353,66.2
3435.0000000037307,-849.1951693344182,6067.504744620168,1900.3986585114105,66.2
3440.000000003749,-681.7751936317597,11680.164664915332,3658.335707125521,66.2
3445.000000003767,-754.4900586735371,18884.81827043869,5914.899916509275,66.2
3450.0000000037853,-615.7070079361179,16657.19178290203,5217.186677416594,66.2
3455.0000000038035,-848.9193847085131,8835.270998230073,2767.28867291101,66.2
3460.0000000038217,-771.5386299568945,4678.776602784714,1465.4361477492778,66.2
3465.00000000384,-772.0386398811373,3045.8376455791777,953.984548728124,66.2
3470.000000003858,-772.2357810100317,3574.6856053953393,1119.6246257766416,66.2
3475.0000000038763,-810.3969307428418,4376.508564736466,1370.7629998581135,66.2
3480.0000000038945,-901.0525882797366,4111.428799334664,1287.7375632460094,66.2
3485.0000000039126,-846.9819049186589,5361.378439566288,1679.2333625050342,66.2
3490.000000003931,-824.2451913296859,4483.781982178943,1404.3620273302179,66.2
3495.000000003949,-796.3863405110416,8597.874082665847,2692.933761153748,66.2
3500.000000003967,-810.7937474959988,22096.104430369884,6920.704471642183,66.2
3505.0000000039854,-722.1224255466575,19529.307341465934,6116.759860185695,66.2
3510.0000000040036,-652.1665714351719,17144.887876604065,5369.937609017326,66.2
3515.000000004022,-593.2384306910021,14987.84325941689,4694.331265159678,66.2
3520.00000000404,-646.8771010223613,11841.257830344439,3708.791577926162,66.2
3525.000000004058,-749.3373709945582,5887.081845791849,1843.888536256938,66.2
3530.0000000040764,-790.1242825598346,4316.134268912456,1351.8532114654054,66.2
3535.0000000040945,-780.198520055993,6355.598158680538,1990.6321829419833,66.2
3540.0000000041127,-728.4867136192612,12713.187040107414,3981.887878678079,66.2
3545.000000004131,-791.2740676778722,8800.743412632099,2756.474313447969,66.2
3550.000000004149,-802.7969646668222,4529.113762671887,1418.5603606587763,66.2
3555.0000000041673,-744.1502024977578,3338.3293984092074,1045.595673580839,66.2
3560.0000000041855,-741.42168961812,3115.3585735626084,975.759146991986,66.2
3565.0000000042037,-737.5183397210371,5126.507175791982,1605.669508270667,66.2
3570.000000004222,-677.7020744958198,10525.037145974662,3296.539074110793,66.2
3575.00000000424,-519.3547054260176,19670.62112489485,6161.020645427866,66.2
3580.0000000042583,-403.54696894591746,30559.325593688667,9571.46369184997,66.2
3585.0000000042764,-144.99026008011353,37554.29063210892,11762.351500736262,66.2
3590.0000000042946,207.62223642346765,27358.85040602242,8569.0452333176,66.2
3595.000000004313,-186.76282060108494,18152.577511652165,5685.555331828213,66.2
3600.000000004331,190.89469041533485,18544.942601860937,5808.447710567693,66.2
3605.000000004349,-91.6820576935528,14907.629451970872,4669.207558054271,66.2
3610.0000000043674,-231.87588500323753,12682.139335015554,3972.1634500060213,66.2
3615.0000000043856,5.72116972076038,12100.880186380595,3790.107703400666,66.2
3620.000000004404,7.729269728247396,9441.560599103941,2957.18418888761,66.2
3625.000000004422,-69.6674497855658,8935.424789538027,2798.657767564826,66.2
3630.00000000444,-210.21165713448138,8106.508809765451,2539.033608659106,66.2
3635.0000000044583,-79.68673193844651,7831.615708950477,2452.9345445444856,66.2
3640.0000000044765,-179.83312351506197,13893.011791998908,4351.419913698104,66.2
3645.0000000044947,161.60552453575195,10551.659194192178,3304.877346077412,66.2
3650.000000004513,-143.7370172822667,14656.442701428472,4590.533542316603,66.2
3655.000000004531,366.75152997164616,10680.078649721567,3345.099508446746,66.2
3660.0000000045493,-193.9093943319487,8804.850902111175,2757.7608171796405,66.2
3665.0000000045675,-233.6658339520141,8093.953390994331,2535.101135262882,66.2
3670.0000000045857,313.88271715586774,13826.003902334442,4330.43242230126,66.2
3675.000000004604,820.7148555767078,24634.82526374678,7715.855339939765,66.2
3680.000000004622,2488.208769844828,45892.13159598749,14373.840481719044,66.2
3685.0000000046402,6630.674738626804,52187.375544975934,16345.569167430793,66.2
3690.0000000046584,5930.87559616181,52525.85882220036,16451.58526350986,66.2
3695.0000000046766,6540.044171603408,48654.96393444622,15239.185148215485,66.2
3700.000000004695,5246.415138542035,46479.561110000075,14557.828843885443,66.2
3705.000000004713,3218.114051463798,40100.19579535795,12559.752567661773,66.2
3710.000000004731,3413.934613927259,32828.24793955051,10282.111176084007,66.2
3715.0000000047494,2753.7846477451294,30421.9071953508,9528.422977281494,66.2
3720.0000000047676,2823.5060013112998,26552.454089495473,8316.474441425737,66.2
3725.0000000047858,2609.8804410158577,24828.237988832185,7776.433996036778,66.2
3730.000000004804,1731.4293003361952,22001.227631750415,6890.988179952397,66.2
3735.000000004822,958.2065484864356,21700.10765371307,6796.6746150853,66.2
3740.0000000048403,903.6923542430385,16432.46838407552,5146.801228432036,66.2
3745.0000000048585,219.81530946725738,15295.228770373093,4790.607252942788,66.2
3750.0000000048767,132.28987444365626,11038.132961461242,3457.2454337231343,66.2
3755.000000004895,758.3966118509077,9844.660129353466,3083.4386936264827,66.2
3760.000000004913,500.94593195555973,10124.724012777475,3171.1572947249642,66.2
3765.0000000049313,704.8675950059139,9378.566439861926,2937.4538350178873,66.2
3770.0000000049495,427.0494400476837,10419.568432660679,3263.505296679546,66.2
3775.0000000049677,-98.80143118830965,19935.441799519012,6243.964932409771,66.2
3780.000000004986,-0.11990477393844472,28946.043788321265,9066.168894768933,66.2
3785.000000005004,94.26445360496926,29883.71990647729,9359.857735909418,66.2
3790.0000000050222,-230.41072709680927,32123.233692327645,10061.29418688565,66.2
3795.0000000050404,-160.99188524418435,26516.747664818093,8305.290858649423,66.2
3800.0000000050586,-312.77012563125794,20737.960768821784,6495.3213032548365,66.2
3805.000000005077,-255.89359200614578,16391.19213150295,5133.873123993907,66.2
3810.000000005095,-278.5996338459065,7634.633888583992,2391.2380147630265,66.2
3815.000000005113,-238.9960852842373,8380.339214001624,2624.799826366883,66.2
3820.0000000051314,-156.3795908900273,9508.679350725253,2978.206403275691,66.2
3825.0000000051496,-5.899049882686849,11916.032749839558,3732.2117749725376,66.2
3830.0000000051677,201.13131436117496,15697.80185670299,4916.696870572255,66.2
3835.000000005186,352.5350759917609,16224.30453920963,5081.602385055033,66.2
3840.000000005204,137.4998348607726,12864.750167888036,4029.358853458852,66.2
3845.0000000052223,60.91803454015299,14698.452234729579,4603.691317067567,66.2
3850.0000000052405,395.4749529607638,15402.302366673312,4824.143694583209,66.2
3855.0000000052587,658.3006179242934,17180.81102678245,5381.189072226983,66.2
3860.000000005277,615.0504891978675,10859.188593537367,3401.1984010360597,66.2
3865.000000005295,39.83798220142555,13461.159113993992,4216.159656887794,66.2
3870.0000000053133,44.67888248903891,19041.52559995938,5963.982102899666,66.2
3875.0000000053315,-73.69185969937877,22247.62877983119,6968.16330069434,66.2
3880.0000000053496,-240.42908632186547,23225.210075298954,7274.350812807953,66.2
3885.000000005368,-201.95873826908394,21651.79961115956,6781.544088925365,66.2
3890.000000005386,-32.92493407973968,25567.718336974995,8008.046087127795,66.2
3895.000000005404,-268.3868915067229,17975.15310139165,5629.984363952955,66.2
3900.0000000054224,-140.47015986949557,12142.22081029721,3803.0559695396946,66.2
3905.0000000054406,-72.10933023361207,9386.46345100952,2939.9272520192408,66.2
3910.000000005459,-97.90545827354467,5951.868624535161,1864.180355150402,66.2
3915.000000005477,-81.92412801869061,7094.933800469128,2222.1989506631785,66.2
3920.000000005495,-16.38226396702034,7947.728803079959,2489.302240592013,66.2
3925.0000000055134,29.658427796150733,13654.914850379635,4276.845747299614,66.2
3930.0000000055315,215.60658793726378,9691.306409461722,3035.4068888193406,66.2
3935.0000000055497,103.04318509068497,15989.936087542252,5008.196016227551,66.2
3940.000000005568,332.5797666564083,17114.689771737143,5360.479283001254,66.2
3945.000000005586,466.0767045099802,13814.051196057879,4326.688724038197,66.2
3950.0000000056043,102.30210792654991,13165.900267181934,4123.681852582363,66.2
3955.0000000056225,380.5844572549938,12331.599547977976,3862.3711434352267,66.2
3960.0000000056407,268.91850809354315,12953.028602424622,4057.0084764307285,66.2
3965.000000005659,204.27042587203857,9276.726080746492,2905.556491712652,66.2
3970.000000005677,290.7084988380472,11381.116308797387,3564.6709934224978,66.2
3975.0000000056953,-90.52073973297477,26197.469794858724,8205.290073927967,66.2
3980.0000000057134,29.509110986338797,39112.6132971267,12250.432586252266,66.2
3985.0000000057316,-40.08468262735268,42504.730828376814,13312.87520100531,66.2
3990.00000000575,-158.08867470147314,48230.9144509502,15106.368924166742,66.2
3995.000000005768,16.82877431525864,35656.75762222041,11168.026594823232,66.2
4000.000000005786,-14.733156756054878,31073.590632043175,9732.536262889122,66.2
4005.0000000058044,-87.57285247999255,25643.854535546965,8031.892649383659,66.2
4010.0000000058226,-200.03631581711375,13151.606542255366,4119.204925605145,66.2
4015.000000005841,-183.08391667813837,9900.1121061827,3100.806766139573,66.2
4020.000000005859,-37.99806905055289,11817.459039959756,3701.3375764502925,66.2
4025.000000005877,220.83148169506597,25482.98845035536,7981.507902215695,66.2
4030.0000000058953,407.0716267738395,34198.08497772129,10711.156818285968,66.2
4035.0000000059135,930.1659533590697,38183.62006659839,11959.463305902293,66.2
4040.0000000059317,205.42037806126712,38821.55709664045,12159.271089683858,66.2
4045.00000000595,493.1864001579928,27273.94386059029,8542.451717229933,66.2
4050.000000005968,281.7746986326428,19867.59709942185,6222.715344238279,66.2
4055.0000000059863,43.04544922574947,17238.566895515043,5399.27874501346,66.2
4060.0000000060045,54.15351884052034,21234.122649452285,6650.723797697177,66.2
4065.0000000060227,102.72970500568485,29312.54816850538,9180.961459712207,66.2
4070.000000006041,356.7016463079749,41376.26928924987,12959.430599739848,66.2
4075.000000006059,93.2671651835487,54169.503060361,16966.389855634825,66.2
4080.0000000060772,437.3648596492307,66013.8761915856,20676.157174637872,66.2
4085.0000000060954,610.01853856296,59131.83819692314,18520.639161326482,66.2
4090.0000000061136,534.099587234322,53062.306705748364,16619.605707030703,66.2
4095.000000006132,328.0124824606723,35976.942286362115,11268.311395877627,66.2
4100.00000000615,363.80208704435506,26973.233501173767,8448.266448707092,66.2
4105.000000006168,581.2198599708428,20161.191242217275,6314.671747833997,66.2
4110.000000006186,473.14341934142755,17317.738701221508,5424.076087527266,66.2
4115.000000006205,-68.41467639060218,16515.706184332772,5172.872078081816,66.2
4120.000000006223,275.55098921086096,14875.42151504816,4659.119734031453,66.2
4125.000000006241,-13.724375252210104,18214.75339426168,5705.029393881094,66.2
4130.000000006259,127.91476922591107,23606.562967567857,7393.794069202578,66.2
4135.000000006277,258.7558628909655,22817.744302639854,7146.728760524062,66.2
4140.0000000062955,85.56627676852662,28785.671788795327,9015.938899805664,66.2
4145.000000006314,302.30271686616146,26058.7302927969,8161.835577442471,66.2
4150.000000006332,293.60266060693993,30127.38907114101,9436.177174152645,66.2
4155.00000000635,185.79335836057226,33975.29243470306,10641.376131216277,66.2
4160.000000006368,222.70220844018544,19917.360475891655,6238.301694454167,66.2
4165.0000000063865,252.52227282595334,14990.733673065044,4695.23656947351,66.2
4170.000000006405,104.39824106430224,13993.108956488131,4382.771272308048,66.2
4175.000000006423,99.21078854544656,13141.409914736065,4116.0112474665,66.2
4180.000000006441,85.04215641710526,15521.505411852497,4861.479191906034,66.2
4185.000000006459,341.0589792373131,22964.65594052958,7192.742845607868,66.2
4190.000000006477,660.3915478763191,37402.08150296078,11714.678192346548,66.2
4195.000000006496,324.2224309252963,38583.44288207021,12084.69151323721,66.2
4200.000000006514,96.17334506265267,29433.033414817957,9218.698554300532,66.2
4205.000000006532,226.20798424515843,24899.46724857451,7798.743659623131,66.2
4210.00000000655,106.56139819241571,15416.232942235296,4828.506879817429,66.2
4215.000000006568,142.61465059917504,16511.37577847014,5171.515754875073,66.2
4220.000000006587,318.3388145157964,16380.051862138656,5130.383888493246,66.2
4225.000000006605,-116.5482707905022,15929.332506913117,4989.214413711176,66.2
4230.000000006623,85.42931771587828,12401.468313750494,3884.2546877148866,66.2
4235.000000006641,39.02263683839513,11232.228930451263,3518.038088136493,66.2
4240.000000006659,101.28287178167018,12730.942347473732,3987.449005322492,66.2
4245.0000000066775,-37.38179024101925,15765.405446400795,4937.870940734488,66.2
4250.000000006696,-52.32040697362279,21093.951730841916,6606.820968296731,66.2
4255.000000006714,318.1412289293349,44837.67682357557,14043.575484937735,66.2
4260.000000006732,646.0981878520159,62951.80181877992,19717.087132624023,66.2
4265.00000000675,690.2857649853365,77089.10851573771,24145.022472218858,66.2
4270.0000000067685,1220.2887784419809,51696.14089311294,16191.709926654345,66.2
4275.000000006787,485.180593296685,32605.820376780233,10212.444804206938,66.2
4280.000000006805,638.4943804604472,26794.303712836627,8392.22398248156,66.2
4285.000000006823,470.4233747204426,27886.8541744466,8734.420901806689,66.2
4290.000000006841,474.99792164427623,33451.87078006759,10477.435623186671,66.2
4295.000000006859,37.76624071818775,34933.310473274905,10941.436250154948,66.2
4300.000000006878,29.148404337237206,43990.48263004377,13778.226420264316,66.2
4305.000000006896,233.00330266920594,44734.620844493154,14011.297398204722,66.2
4310.000000006914,233.10612353784748,37484.31430221366,11740.434266377537,66.2
4315.000000006932,290.8773719597973,36823.75759601921,11533.541790613808,66.2
4320.00000000695,403.72167529330756,46659.790155402,14614.278249452089,66.2
4325.000000006969,125.42972572097432,48036.24215761694,15045.395759633515,66.2
4330.000000006987,440.5846756325579,34575.014361873975,10829.21459098609,66.2
4335.000000007005,479.9318157213033,33863.6892645742,10606.420985118277,66.2
4340.000000007023,371.0691610018319,30591.355998037317,9581.495911027008,66.2
4345.000000007041,223.76954312882722,29651.814584542793,9287.222842117742,66.2
4350.0000000070595,598.8357495935289,23945.229084840117,7499.867432477346,66.2
4355.000000007078,301.8179666965364,23810.108472614393,7457.546405791921,66.2
4360.000000007096,419.0460789491229,18890.339729084015,5916.629288474234,66.2
4365.000000007114,398.6661672221861,16416.28154435076,5141.731360373712,66.2
4370.000000007132,181.5077461206394,18480.32068274727,5788.207527236493,66.2
4375.00000000715,-38.22972561975872,15287.541128424838,4788.1994123129925,66.2
4380.000000007169,275.7566884460706,14460.307379949958,4529.102143823679,66.2
4385.000000007187,39.02377675752617,15879.662443504933,4973.657290010072,66.2
4390.000000007205,203.5245047855756,22316.10170030457,6989.609653303681,66.2
4395.000000007223,67.11418257177696,28163.642562624977,8821.113587469952,66.2
4400.000000007241,159.76834423988055,39101.997011714186,12247.107467376307,66.2
4405.00000000726,352.3010708897334,28053.226499616063,8786.530254312067,66.2
4410.000000007278,193.63977892615296,29070.171780792705,9105.046931178478,66.2
4415.000000007296,308.96716634995875,30615.086399499167,9588.928492459107,66.2
4420.000000007314,62.144410841682046,25915.25406828743,8116.897495634157,66.2
4425.000000007332,249.42099716168036,18667.19747026275,5846.739067177393,66.2
4430.0000000073505,200.51109484000648,23322.046401235883,7304.6808465947215,66.2
4435.000000007369,433.40539665963945,32954.51665058518,10321.659705366166,66.2
4440.000000007387,90.69136241412988,27086.37864821759,8483.704556250364,66.2
4445.000000007405,28.945160242423235,19836.824711030105,6213.077147305558,66.2
4450.000000007423,132.44584152818035,13585.366070131051,4255.062425448452,66.2
4455.0000000074415,241.27297841924397,17287.894417985262,5414.728581721576,66.2
4460.00000000746,196.92851262616978,29486.729736244717,9235.516739287845,66.2
4465.000000007478,202.51840902295228,46334.327093772234,14512.340205437435,66.2
4470.000000007496,228.47508538935227,64217.28553504356,20113.44834830957,66.2
4475.000000007514,231.08587065655112,78973.0458240223,24735.089078521567,66.2
4480.000000007532,1043.4593523722272,75403.71562270938,23617.141814883467,66.2
4485.000000007551,772.8824876013105,61558.21035852061,19280.60138550731,66.2
4490.000000007569,505.3017437636017,56322.899561337144,17640.853575721198,66.2
4495.000000007587,575.6195860990836,47873.595393731026,14994.453287413105,66.2
4500.000000007605,370.1018530546437,32590.20541256035,10207.554052851121,66.2
4505.000000007623,493.22726329575454,31985.63984527293,10018.198520154767,66.2
4510.000000007642,330.7264331613166,23883.76256074531,7480.615548078456,66.2
4515.00000000766,149.46832177640022,32081.464528118024,10048.21169795946,66.2
4520.000000007678,379.9081298225653,32343.482272416746,10130.278081214123,66.2
4525.000000007696,121.63399184701849,29969.470526216366,9386.715623884396,66.2
4530.000000007714,85.42194114943365,31277.474794760597,9796.394670196254,66.2
4535.0000000077325,173.04614798385012,32023.71809788727,10030.124981399138,66.2
4540.000000007751,718.1893450955499,34842.99820527024,10913.149611711793,66.2
4545.000000007769,469.6293806060983,41682.2327507841,13055.261188478771,66.2
